login,name,company,location,email,hireable,bio,public_repos,followers,following,created_at
,,,,,,,0,0,0,
,,,,,,,0,0,0,
,,,,,,,0,0,0,
,,,,,,,0,0,0,
,,,,,,,0,0,0,
,,,,,,,0,0,0,
,,,,,,,0,0,0,
,,,,,,,0,0,0,
,,,,,,,0,0,0,
,,,,,,,0,0,0,
,,,,,,,0,0,0,
,,,,,,,0,0,0,
,,,,,,,0,0,0,
,,,,,,,0,0,0,
,,,,,,,0,0,0,
,,,,,,,0,0,0,
,,,,,,,0,0,0,
,,,,,,,0,0,0,
,,,,,,,0,0,0,
,,,,,,,0,0,0,
,,,,,,,0,0,0,
,,,,,,,0,0,0,
,,,,,,,0,0,0,
,,,,,,,0,0,0,
,,,,,,,0,0,0,
,,,,,,,0,0,0,
,,,,,,,0,0,0,
,,,,,,,0,0,0,
,,,,,,,0,0,0,
,,,,,,,0,0,0,
,,,,,,,0,0,0,
,,,,,,,0,0,0,
,,,,,,,0,0,0,
,,,,,,,0,0,0,
,,,,,,,0,0,0,
,,,,,,,0,0,0,
,,,,,,,0,0,0,
,,,,,,,0,0,0,
,,,,,,,0,0,0,
,,,,,,,0,0,0,
,,,,,,,0,0,0,
,,,,,,,0,0,0,
,,,,,,,0,0,0,
,,,,,,,0,0,0,
,,,,,,,0,0,0,
,,,,,,,0,0,0,
,,,,,,,0,0,0,
,,,,,,,0,0,0,
,,,,,,,0,0,0,
,,,,,,,0,0,0,
,,,,,,,0,0,0,
,,,,,,,0,0,0,
,,,,,,,0,0,0,
,,,,,,,0,0,0,
,,,,,,,0,0,0,
,,,,,,,0,0,0,
,,,,,,,0,0,0,
,,,,,,,0,0,0,
,,,,,,,0,0,0,
,,,,,,,0,0,0,
,,,,,,,0,0,0,
,,,,,,,0,0,0,
,,,,,,,0,0,0,
,,,,,,,0,0,0,
,,,,,,,0,0,0,
,,,,,,,0,0,0,
,,,,,,,0,0,0,
,,,,,,,0,0,0,
,,,,,,,0,0,0,
,,,,,,,0,0,0,
,,,,,,,0,0,0,
,,,,,,,0,0,0,
,,,,,,,0,0,0,
,,,,,,,0,0,0,
,,,,,,,0,0,0,
,,,,,,,0,0,0,
,,,,,,,0,0,0,
,,,,,,,0,0,0,
,,,,,,,0,0,0,
,,,,,,,0,0,0,
,,,,,,,0,0,0,
,,,,,,,0,0,0,
,,,,,,,0,0,0,
,,,,,,,0,0,0,
,,,,,,,0,0,0,
,,,,,,,0,0,0,
,,,,,,,0,0,0,
,,,,,,,0,0,0,
,,,,,,,0,0,0,
,,,,,,,0,0,0,
,,,,,,,0,0,0,
,,,,,,,0,0,0,
,,,,,,,0,0,0,
,,,,,,,0,0,0,
,,,,,,,0,0,0,
,,,,,,,0,0,0,
,,,,,,,0,0,0,
,,,,,,,0,0,0,
,,,,,,,0,0,0,
,,,,,,,0,0,0,
,,,,,,,0,0,0,
,,,,,,,0,0,0,
,,,,,,,0,0,0,
,,,,,,,0,0,0,
,,,,,,,0,0,0,
,,,,,,,0,0,0,
,,,,,,,0,0,0,
,,,,,,,0,0,0,
,,,,,,,0,0,0,
,,,,,,,0,0,0,
,,,,,,,0,0,0,
,,,,,,,0,0,0,
,,,,,,,0,0,0,
,,,,,,,0,0,0,
,,,,,,,0,0,0,
,,,,,,,0,0,0,
,,,,,,,0,0,0,
,,,,,,,0,0,0,
,,,,,,,0,0,0,
,,,,,,,0,0,0,
,,,,,,,0,0,0,
,,,,,,,0,0,0,
,,,,,,,0,0,0,
,,,,,,,0,0,0,
,,,,,,,0,0,0,
,,,,,,,0,0,0,
,,,,,,,0,0,0,
,,,,,,,0,0,0,
,,,,,,,0,0,0,
,,,,,,,0,0,0,
,,,,,,,0,0,0,
,,,,,,,0,0,0,
,,,,,,,0,0,0,
,,,,,,,0,0,0,
,,,,,,,0,0,0,
,,,,,,,0,0,0,
,,,,,,,0,0,0,
,,,,,,,0,0,0,
,,,,,,,0,0,0,
,,,,,,,0,0,0,
,,,,,,,0,0,0,
,,,,,,,0,0,0,
,,,,,,,0,0,0,
,,,,,,,0,0,0,
,,,,,,,0,0,0,
,,,,,,,0,0,0,
,,,,,,,0,0,0,
,,,,,,,0,0,0,
,,,,,,,0,0,0,
,,,,,,,0,0,0,
,,,,,,,0,0,0,
,,,,,,,0,0,0,
,,,,,,,0,0,0,
,,,,,,,0,0,0,
,,,,,,,0,0,0,
,,,,,,,0,0,0,
,,,,,,,0,0,0,
,,,,,,,0,0,0,
,,,,,,,0,0,0,
,,,,,,,0,0,0,
,,,,,,,0,0,0,
,,,,,,,0,0,0,
,,,,,,,0,0,0,
,,,,,,,0,0,0,
,,,,,,,0,0,0,
,,,,,,,0,0,0,
,,,,,,,0,0,0,
,,,,,,,0,0,0,
,,,,,,,0,0,0,
,,,,,,,0,0,0,
,,,,,,,0,0,0,
,,,,,,,0,0,0,
,,,,,,,0,0,0,
,,,,,,,0,0,0,
,,,,,,,0,0,0,
,,,,,,,0,0,0,
,,,,,,,0,0,0,
,,,,,,,0,0,0,
,,,,,,,0,0,0,
,,,,,,,0,0,0,
,,,,,,,0,0,0,
,,,,,,,0,0,0,
,,,,,,,0,0,0,
,,,,,,,0,0,0,
,,,,,,,0,0,0,
,,,,,,,0,0,0,
,,,,,,,0,0,0,
,,,,,,,0,0,0,
,,,,,,,0,0,0,
,,,,,,,0,0,0,
,,,,,,,0,0,0,
,,,,,,,0,0,0,
,,,,,,,0,0,0,
,,,,,,,0,0,0,
,,,,,,,0,0,0,
,,,,,,,0,0,0,
,,,,,,,0,0,0,
,,,,,,,0,0,0,
,,,,,,,0,0,0,
,,,,,,,0,0,0,
,,,,,,,0,0,0,
,,,,,,,0,0,0,
,,,,,,,0,0,0,
,,,,,,,0,0,0,
,,,,,,,0,0,0,
,,,,,,,0,0,0,
,,,,,,,0,0,0,
,,,,,,,0,0,0,
,,,,,,,0,0,0,
,,,,,,,0,0,0,
,,,,,,,0,0,0,
,,,,,,,0,0,0,
,,,,,,,0,0,0,
,,,,,,,0,0,0,
,,,,,,,0,0,0,
,,,,,,,0,0,0,
,,,,,,,0,0,0,
,,,,,,,0,0,0,
,,,,,,,0,0,0,
,,,,,,,0,0,0,
,,,,,,,0,0,0,
,,,,,,,0,0,0,
,,,,,,,0,0,0,
,,,,,,,0,0,0,
,,,,,,,0,0,0,
,,,,,,,0,0,0,
,,,,,,,0,0,0,
,,,,,,,0,0,0,
,,,,,,,0,0,0,
,,,,,,,0,0,0,
,,,,,,,0,0,0,
,,,,,,,0,0,0,
,,,,,,,0,0,0,
,,,,,,,0,0,0,
,,,,,,,0,0,0,
,,,,,,,0,0,0,
,,,,,,,0,0,0,
,,,,,,,0,0,0,
,,,,,,,0,0,0,
,,,,,,,0,0,0,
,,,,,,,0,0,0,
,,,,,,,0,0,0,
,,,,,,,0,0,0,
,,,,,,,0,0,0,
,,,,,,,0,0,0,
,,,,,,,0,0,0,
,,,,,,,0,0,0,
,,,,,,,0,0,0,
,,,,,,,0,0,0,
,,,,,,,0,0,0,
,,,,,,,0,0,0,
,,,,,,,0,0,0,
,,,,,,,0,0,0,
,,,,,,,0,0,0,
,,,,,,,0,0,0,
,,,,,,,0,0,0,
,,,,,,,0,0,0,
,,,,,,,0,0,0,
,,,,,,,0,0,0,
,,,,,,,0,0,0,
,,,,,,,0,0,0,
,,,,,,,0,0,0,
,,,,,,,0,0,0,
,,,,,,,0,0,0,
,,,,,,,0,0,0,
,,,,,,,0,0,0,
,,,,,,,0,0,0,
,,,,,,,0,0,0,
,,,,,,,0,0,0,
,,,,,,,0,0,0,
,,,,,,,0,0,0,
,,,,,,,0,0,0,
,,,,,,,0,0,0,
,,,,,,,0,0,0,
,,,,,,,0,0,0,
,,,,,,,0,0,0,
,,,,,,,0,0,0,
,,,,,,,0,0,0,
,,,,,,,0,0,0,
,,,,,,,0,0,0,
,,,,,,,0,0,0,
,,,,,,,0,0,0,
,,,,,,,0,0,0,
,,,,,,,0,0,0,
,,,,,,,0,0,0,
,,,,,,,0,0,0,
,,,,,,,0,0,0,
,,,,,,,0,0,0,
,,,,,,,0,0,0,
,,,,,,,0,0,0,
,,,,,,,0,0,0,
,,,,,,,0,0,0,
,,,,,,,0,0,0,
,,,,,,,0,0,0,
,,,,,,,0,0,0,
,,,,,,,0,0,0,
,,,,,,,0,0,0,
,,,,,,,0,0,0,
,,,,,,,0,0,0,
,,,,,,,0,0,0,
